"group_id","condition","trial","participant","shared","control","timestamp","tap_sec","subgroup_present","is_a_subgroup_member","iti","tap_cycle","new_iti","cv","subgr2oup_present"
"2","1-23",1,2,1.00346995810502,0.195268642908092,"2024-12-03 14:20:52.749878",3.35093,1,"1",0.122268,1,0.683538,0.0755817426363577,"1"
"2","1-23",1,1,0.861932242563068,0.315606019542996,"2024-12-03 14:20:34.093363",4.022131,1,"0",0.671201,2,0.671201,0.0755817426363577,"1"
"2","1-23",1,2,1.00346995810502,0.195268642908092,"2024-12-03 14:20:52.749878",4.648707,1,"1",0.0250339999999998,2,0.626576,0.0755817426363577,"1"
"2","1-23",1,1,0.861932242563068,0.315606019542996,"2024-12-03 14:20:34.093363",5.322812,1,"0",0.674105,3,0.674105,0.0755817426363577,"1"
"2","1-23",1,2,1.00346995810502,0.195268642908092,"2024-12-03 14:20:52.749878",5.914921,1,"1",0.0192299999999994,3,0.592109,0.0755817426363577,"1"
"2","1-23",1,1,0.861932242563068,0.315606019542996,"2024-12-03 14:20:34.093363",6.755919,1,"0",0.840998,4,0.840998,0.0755817426363577,"1"
"2","1-23",1,2,1.00346995810502,0.195268642908092,"2024-12-03 14:20:52.749878",7.300136,1,"1",0.0783670000000001,4,0.544217000000001,0.0755817426363577,"1"
"2","1-23",1,1,0.861932242563068,0.315606019542996,"2024-12-03 14:20:34.093363",7.894422,1,"0",0.594285999999999,5,0.594285999999999,0.0755817426363577,"1"
"2","1-23",1,2,1.00346995810502,0.195268642908092,"2024-12-03 14:20:52.749878",8.424127,1,"1",0.0232200000000002,5,0.529705000000001,0.0755817426363577,"1"
"2","1-23",1,1,0.861932242563068,0.315606019542996,"2024-12-03 14:20:34.093363",8.966167,1,"0",0.54204,6,0.54204,0.0755817426363577,"1"
"2","1-23",1,2,1.00346995810502,0.195268642908092,"2024-12-03 14:20:52.749878",9.503855,1,"1",0.0239460000000005,6,0.537687999999999,0.0755817426363577,"1"
"2","1-23",1,1,0.861932242563068,0.315606019542996,"2024-12-03 14:20:34.093363",10.087256,1,"0",0.583401,7,0.583401,0.0755817426363577,"1"
"2","1-23",1,2,1.00346995810502,0.195268642908092,"2024-12-03 14:20:52.749878",10.620953,1,"1",0.0562369999999994,7,0.533697,0.0755817426363577,"1"
"2","1-23",1,1,0.861932242563068,0.315606019542996,"2024-12-03 14:20:34.093363",11.244626,1,"0",0.623673,8,0.623673,0.0755817426363577,"1"
"2","1-23",1,3,0.878781970603777,0.696982936262846,"2024-12-03 14:20:59.619184",11.751474,1,"1",0.00943299999999958,8,0.506848,0.0755817426363577,"1"
"2","1-23",1,1,0.861932242563068,0.315606019542996,"2024-12-03 14:20:34.093363",12.339229,1,"0",0.587755,9,0.587755,0.0755817426363577,"1"
"2","1-23",1,2,1.00346995810502,0.195268642908092,"2024-12-03 14:20:52.749878",12.87474,1,"1",0.074014,9,0.535511,0.0755817426363577,"1"
"2","1-23",1,1,0.861932242563068,0.315606019542996,"2024-12-03 14:20:34.093363",13.488617,1,"0",0.613877,10,0.613877,0.0755817426363577,"1"
"2","1-23",1,2,1.00346995810502,0.195268642908092,"2024-12-03 14:20:52.749878",14.02195,1,"1",0.0402719999999999,10,0.533333000000001,0.0755817426363577,"1"
"2","1-23",1,1,0.861932242563068,0.315606019542996,"2024-12-03 14:20:34.093363",14.554195,1,"0",0.532245,11,0.532245,0.0755817426363577,"1"
"2","1-23",1,3,0.878781970603777,0.696982936262846,"2024-12-03 14:20:59.619184",15.068299,1,"1",0.0116099999999992,11,0.514104,0.0755817426363577,"1"
"2","1-23",1,1,0.861932242563068,0.315606019542996,"2024-12-03 14:20:34.093363",15.640817,1,"0",0.572518000000001,12,0.572518000000001,0.0755817426363577,"1"
"2","1-23",1,2,1.00346995810502,0.195268642908092,"2024-12-03 14:20:52.749878",16.203175,1,"1",0.0823580000000028,12,0.562358000000001,0.0755817426363577,"1"
"2","123",1,2,0.743984146278106,0.200822675675856,"2024-12-03 14:15:15.97253",3.288163,0,"0",0.642902,1,0.642902,0.122325443377662,"0"
"2","123",1,1,0.892261753036344,0.198971331419935,"2024-12-03 14:14:40.322102",3.346939,0,"0",0.0587759999999999,1,0.0587759999999999,0.122325443377662,"0"
"2","123",1,3,0.851822405738643,0.163795790557424,"2024-12-03 14:15:25.656139",3.950658,0,"0",0.603719,2,0.603719,0.122325443377662,"0"
"2","123",1,1,0.892261753036344,0.198971331419935,"2024-12-03 14:14:40.322102",4.534785,0,"0",0.584127000000001,2,0.584127000000001,0.122325443377662,"0"
"2","123",1,2,0.743984146278106,0.200822675675856,"2024-12-03 14:15:15.97253",5.138141,0,"0",0.603356,2,0.603356,0.122325443377662,"0"
"2","123",1,3,0.851822405738643,0.163795790557424,"2024-12-03 14:15:25.656139",5.709569,0,"0",0.571428,3,0.571428,0.122325443377662,"0"
"2","123",1,1,0.892261753036344,0.198971331419935,"2024-12-03 14:14:40.322102",6.2839,0,"0",0.574331,3,0.574331,0.122325443377662,"0"
"2","123",1,2,0.743984146278106,0.200822675675856,"2024-12-03 14:15:15.97253",6.830657,0,"0",0.546757,3,0.546757,0.122325443377662,"0"
"2","123",1,3,0.851822405738643,0.163795790557424,"2024-12-03 14:15:25.656139",7.355283,0,"0",0.524626,4,0.524626,0.122325443377662,"0"
"2","123",1,1,0.892261753036344,0.198971331419935,"2024-12-03 14:14:40.322102",7.991292,0,"0",0.636009,4,0.636009,0.122325443377662,"0"
"2","123",1,2,0.743984146278106,0.200822675675856,"2024-12-03 14:15:15.97253",8.562358,0,"0",0.571066,4,0.571066,0.122325443377662,"0"
"2","123",1,3,0.851822405738643,0.163795790557424,"2024-12-03 14:15:25.656139",9.090975,0,"0",0.528617000000001,5,0.528617000000001,0.122325443377662,"0"
"2","123",1,1,0.892261753036344,0.198971331419935,"2024-12-03 14:14:40.322102",9.798096,0,"0",0.707120999999999,5,0.707120999999999,0.122325443377662,"0"
"2","123",1,2,0.743984146278106,0.200822675675856,"2024-12-03 14:15:15.97253",10.315465,0,"0",0.517369,5,0.517369,0.122325443377662,"0"
"2","123",1,3,0.851822405738643,0.163795790557424,"2024-12-03 14:15:25.656139",10.776961,0,"0",0.461496,6,0.461496,0.122325443377662,"0"
"2","123",1,1,0.892261753036344,0.198971331419935,"2024-12-03 14:14:40.322102",11.368708,0,"0",0.591747,6,0.591747,0.122325443377662,"0"
"2","123",1,2,0.743984146278106,0.200822675675856,"2024-12-03 14:15:15.97253",11.900227,0,"0",0.531518999999999,6,0.531518999999999,0.122325443377662,"0"
"2","123",1,3,0.851822405738643,0.163795790557424,"2024-12-03 14:15:25.656139",12.345759,0,"0",0.445532,7,0.445532,0.122325443377662,"0"
"2","123",1,1,0.892261753036344,0.198971331419935,"2024-12-03 14:14:40.322102",12.870749,0,"0",0.524990000000001,7,0.524990000000001,0.122325443377662,"0"
"2","123",1,2,0.743984146278106,0.200822675675856,"2024-12-03 14:15:15.97253",13.397551,0,"0",0.526802,7,0.526802,0.122325443377662,"0"
"2","123",1,3,0.851822405738643,0.163795790557424,"2024-12-03 14:15:25.656139",14.058594,0,"0",0.661042999999999,8,0.661042999999999,0.122325443377662,"0"
"2","123",1,1,0.892261753036344,0.198971331419935,"2024-12-03 14:14:40.322102",14.611156,0,"0",0.552562,8,0.552562,0.122325443377662,"0"
"2","123",1,2,0.743984146278106,0.200822675675856,"2024-12-03 14:15:15.97253",15.211973,0,"0",0.600817000000001,8,0.600817000000001,0.122325443377662,"0"
"1","23-1",1,1,0.801273221616516,0.811766280129985,"2024-12-01 17:49:50.9108",4.837007,1,"0",0.74195,1,0.74195,0.0881702354216899,"1"
"1","23-1",1,2,0.41204450387614,0.0379043811547555,"2024-12-01 17:50:11.924928",5.39864,1,"1",0.561633,2,0.666485,0.0881702354216899,"1"
"1","23-1",1,1,0.801273221616516,0.811766280129985,"2024-12-01 17:49:50.9108",6.040091,1,"0",0.536599000000001,2,0.536599000000001,0.0881702354216899,"1"
"1","23-1",1,3,0.504718008100039,1.0191168367932,"2024-12-01 17:52:08.62795",6.549479,1,"1",0.509388,3,0.54204,0.0881702354216899,"1"
"1","23-1",1,1,0.801273221616516,0.811766280129985,"2024-12-01 17:49:50.9108",7.282358,1,"0",0.700227,3,0.700227,0.0881702354216899,"1"
"1","23-1",1,2,0.41204450387614,0.0379043811547555,"2024-12-01 17:50:11.924928",7.763447,1,"1",0.481089,4,0.604082,0.0881702354216899,"1"
"1","23-1",1,1,0.801273221616516,0.811766280129985,"2024-12-01 17:49:50.9108",8.508662,1,"0",0.622221999999999,4,0.622221999999999,0.0881702354216899,"1"
"1","23-1",1,2,0.41204450387614,0.0379043811547555,"2024-12-01 17:50:11.924928",9.076463,1,"1",0.567801000000001,5,0.585216000000001,0.0881702354216899,"1"
"1","23-1",1,1,0.801273221616516,0.811766280129985,"2024-12-01 17:49:50.9108",9.853605,1,"0",0.759727,5,0.759727,0.0881702354216899,"1"
"1","23-1",1,2,0.41204450387614,0.0379043811547555,"2024-12-01 17:50:11.924928",10.447165,1,"1",0.59356,6,0.706395000000001,0.0881702354216899,"1"
"1","23-1",1,1,0.801273221616516,0.811766280129985,"2024-12-01 17:49:50.9108",11.013878,1,"0",0.453878,6,0.453878,0.0881702354216899,"1"
"1","23-1",1,2,0.41204450387614,0.0379043811547555,"2024-12-01 17:50:11.924928",11.498231,1,"1",0.484353,7,0.663945,0.0881702354216899,"1"
"1","23-1",1,1,0.801273221616516,0.811766280129985,"2024-12-01 17:49:50.9108",12.273561,1,"0",0.595738000000001,7,0.595738000000001,0.0881702354216899,"1"
"1","23-1",1,3,0.504718008100039,1.0191168367932,"2024-12-01 17:52:08.62795",12.810521,1,"1",0.536959999999999,8,0.567074,0.0881702354216899,"1"
"1","23-1",1,1,0.801273221616516,0.811766280129985,"2024-12-01 17:49:50.9108",13.475555,1,"0",0.634919999999999,8,0.634919999999999,0.0881702354216899,"1"
"1","23-1",1,2,0.41204450387614,0.0379043811547555,"2024-12-01 17:50:11.924928",14.092336,1,"1",0.616781,9,0.686441,0.0881702354216899,"1"
"1","23-1",1,1,0.801273221616516,0.811766280129985,"2024-12-01 17:49:50.9108",14.618413,1,"0",0.456417,9,0.456417,0.0881702354216899,"1"
"1","23-1",1,2,0.41204450387614,0.0379043811547555,"2024-12-01 17:50:11.924928",15.230839,1,"1",0.612425999999999,10,0.668661999999999,0.0881702354216899,"1"
"1","23-1",1,1,0.801273221616516,0.811766280129985,"2024-12-01 17:49:50.9108",15.84254,1,"0",0.555465,10,0.555465,0.0881702354216899,"1"
"1","23-1",1,3,0.504718008100039,1.0191168367932,"2024-12-01 17:52:08.62795",16.447348,1,"1",0.604808000000002,11,0.622584,0.0881702354216899,"1"
"1","23-1",1,1,0.801273221616516,0.811766280129985,"2024-12-01 17:49:50.9108",17.002087,1,"0",0.536963,11,0.536963,0.0881702354216899,"1"
"1","23-1",1,2,0.41204450387614,0.0379043811547555,"2024-12-01 17:50:11.924928",17.589842,1,"1",0.587755000000001,12,0.750658000000001,0.0881702354216899,"1"
"1","23-1",1,1,0.801273221616516,0.811766280129985,"2024-12-01 17:49:50.9108",18.265034,1,"0",0.512288999999999,12,0.512288999999999,0.0881702354216899,"1"
"2","23-1",1,1,0.511457899316322,0.550726740045039,"2024-12-03 14:44:16.880789",3.35746,1,"0",0.666485,1,0.666485,0.0305928170412881,"1"
"2","23-1",1,3,0.824862840873508,0.51740254343845,"2024-12-03 14:44:34.495577",3.933243,1,"1",0.575783,2,0.58195,0.0305928170412881,"1"
"2","23-1",1,1,0.511457899316322,0.550726740045039,"2024-12-03 14:44:16.880789",4.575419,1,"0",0.636009,2,0.636009,0.0305928170412881,"1"
"2","23-1",1,3,0.824862840873508,0.51740254343845,"2024-12-03 14:44:34.495577",5.100045,1,"1",0.524626,3,0.597551,0.0305928170412881,"1"
"2","23-1",1,1,0.511457899316322,0.550726740045039,"2024-12-03 14:44:16.880789",5.795556,1,"0",0.622586,3,0.622586,0.0305928170412881,"1"
"2","23-1",1,3,0.824862840873508,0.51740254343845,"2024-12-03 14:44:34.495577",6.335057,1,"1",0.539501,4,0.572516999999999,0.0305928170412881,"1"
"2","23-1",1,1,0.511457899316322,0.550726740045039,"2024-12-03 14:44:16.880789",6.958004,1,"0",0.589931,4,0.589931,0.0305928170412881,"1"
"2","23-1",1,3,0.824862840873508,0.51740254343845,"2024-12-03 14:44:34.495577",7.506213,1,"1",0.548209,5,0.600454,0.0305928170412881,"1"
"2","23-1",1,1,0.511457899316322,0.550726740045039,"2024-12-03 14:44:16.880789",8.129161,1,"0",0.570703,5,0.570703,0.0305928170412881,"1"
"2","23-1",1,3,0.824862840873508,0.51740254343845,"2024-12-03 14:44:34.495577",8.640726,1,"1",0.511565000000001,6,0.549296999999999,0.0305928170412881,"1"
"2","23-1",1,1,0.511457899316322,0.550726740045039,"2024-12-03 14:44:16.880789",9.294875,1,"0",0.616417,6,0.616417,0.0305928170412881,"1"
"2","23-1",1,3,0.824862840873508,0.51740254343845,"2024-12-03 14:44:34.495577",9.846349,1,"1",0.551474000000001,7,0.573968000000001,0.0305928170412881,"1"
"2","23-1",1,1,0.511457899316322,0.550726740045039,"2024-12-03 14:44:16.880789",10.44644,1,"0",0.577597000000001,7,0.577597000000001,0.0305928170412881,"1"
"2","23-1",1,3,0.824862840873508,0.51740254343845,"2024-12-03 14:44:34.495577",10.998639,1,"1",0.552199,8,0.601178999999998,0.0305928170412881,"1"
"2","23-1",1,1,0.511457899316322,0.550726740045039,"2024-12-03 14:44:16.880789",11.635374,1,"0",0.587755000000001,8,0.587755000000001,0.0305928170412881,"1"
"2","23-1",1,2,0.735559282257751,0.191565954396248,"2024-12-03 14:44:29.163391",12.192653,1,"1",0.557278999999999,9,0.560907,0.0305928170412881,"1"
"2","23-1",1,1,0.511457899316322,0.550726740045039,"2024-12-03 14:44:16.880789",12.823583,1,"0",0.627301999999998,9,0.627301999999998,0.0305928170412881,"1"
"2","23-1",1,3,0.824862840873508,0.51740254343845,"2024-12-03 14:44:34.495577",13.358005,1,"1",0.534422000000001,10,0.582312,0.0305928170412881,"1"
"2","23-1",1,1,0.511457899316322,0.550726740045039,"2024-12-03 14:44:16.880789",13.955918,1,"0",0.550023000000001,10,0.550023000000001,0.0305928170412881,"1"
"2","23-1",1,3,0.824862840873508,0.51740254343845,"2024-12-03 14:44:34.495577",14.50449,1,"1",0.548572,11,0.579048,0.0305928170412881,"1"
"2","23-1",1,1,0.511457899316322,0.550726740045039,"2024-12-03 14:44:16.880789",15.141587,1,"0",0.606620999999999,11,0.606620999999999,0.0305928170412881,"1"
"2","23-1",1,3,0.824862840873508,0.51740254343845,"2024-12-03 14:44:34.495577",15.641541,1,"1",0.499954000000001,12,0.531883000000001,0.0305928170412881,"1"
"2","23-1",1,1,0.511457899316322,0.550726740045039,"2024-12-03 14:44:16.880789",16.273197,1,"0",0.599727,12,0.599727,0.0305928170412881,"1"
"2","231",1,3,0.122229181575946,0.384105757012095,"2024-12-03 14:27:03.139371",3.365079,0,"0",0.680635,1,0.680635,0.037728235613528,"0"
"2","231",1,1,0.735559282257751,0.454456838737116,"2024-12-03 14:26:37.823129",3.969161,0,"0",0.604082,1,0.604082,0.037728235613528,"0"
"2","231",1,2,0.870357106583423,0.371146347220644,"2024-12-03 14:26:54.687948",4.617506,0,"0",0.648345,2,0.648345,0.037728235613528,"0"
"2","231",1,3,0.122229181575946,0.384105757012095,"2024-12-03 14:27:03.139371",5.157007,0,"0",0.539501,2,0.539501,0.037728235613528,"0"
"2","231",1,1,0.735559282257751,0.454456838737116,"2024-12-03 14:26:37.823129",5.775964,0,"0",0.618957,2,0.618957,0.037728235613528,"0"
"2","231",1,2,0.870357106583423,0.371146347220644,"2024-12-03 14:26:54.687948",6.431565,0,"0",0.655601,3,0.655601,0.037728235613528,"0"
"2","231",1,3,0.122229181575946,0.384105757012095,"2024-12-03 14:27:03.139371",7.038186,0,"0",0.606621,3,0.606621,0.037728235613528,"0"
"2","231",1,1,0.735559282257751,0.454456838737116,"2024-12-03 14:26:37.823129",7.628843,0,"0",0.590657,3,0.590657,0.037728235613528,"0"
"2","231",1,2,0.870357106583423,0.371146347220644,"2024-12-03 14:26:54.687948",8.266666,0,"0",0.637823000000001,4,0.637823000000001,0.037728235613528,"0"
"2","231",1,3,0.122229181575946,0.384105757012095,"2024-12-03 14:27:03.139371",8.856236,0,"0",0.58957,4,0.58957,0.037728235613528,"0"
"2","231",1,1,0.735559282257751,0.454456838737116,"2024-12-03 14:26:37.823129",9.420045,0,"0",0.563808999999999,4,0.563808999999999,0.037728235613528,"0"
"2","231",1,2,0.870357106583423,0.371146347220644,"2024-12-03 14:26:54.687948",10.052789,0,"0",0.632744000000001,5,0.632744000000001,0.037728235613528,"0"
"2","231",1,3,0.122229181575946,0.384105757012095,"2024-12-03 14:27:03.139371",10.666304,0,"0",0.613515,5,0.613515,0.037728235613528,"0"
"2","231",1,1,0.735559282257751,0.454456838737116,"2024-12-03 14:26:37.823129",11.227211,0,"0",0.560907,5,0.560907,0.037728235613528,"0"
"2","231",1,2,0.870357106583423,0.371146347220644,"2024-12-03 14:26:54.687948",11.842176,0,"0",0.614965,6,0.614965,0.037728235613528,"0"
"2","231",1,3,0.122229181575946,0.384105757012095,"2024-12-03 14:27:03.139371",12.400544,0,"0",0.558368,6,0.558368,0.037728235613528,"0"
"2","231",1,1,0.735559282257751,0.454456838737116,"2024-12-03 14:26:37.823129",12.981406,0,"0",0.580862,6,0.580862,0.037728235613528,"0"
"2","231",1,2,0.870357106583423,0.371146347220644,"2024-12-03 14:26:54.687948",13.603628,0,"0",0.622222000000001,7,0.622222000000001,0.037728235613528,"0"
"2","231",1,3,0.122229181575946,0.384105757012095,"2024-12-03 14:27:03.139371",14.156916,0,"0",0.553288,7,0.553288,0.037728235613528,"0"
"2","231",1,1,0.735559282257751,0.454456838737116,"2024-12-03 14:26:37.823129",14.755555,0,"0",0.598638999999999,7,0.598638999999999,0.037728235613528,"0"
"2","231",1,2,0.870357106583423,0.371146347220644,"2024-12-03 14:26:54.687948",15.332789,0,"0",0.577234000000001,8,0.577234000000001,0.037728235613528,"0"
"2","231",1,3,0.122229181575946,0.384105757012095,"2024-12-03 14:27:03.139371",15.870476,0,"0",0.537687,8,0.537687,0.037728235613528,"0"
"2","231",1,1,0.735559282257751,0.454456838737116,"2024-12-03 14:26:37.823129",16.483992,0,"0",0.613516000000001,8,0.613516000000001,0.037728235613528,"0"
"2","312",1,1,0.718709554217042,0.413727265106841,"2024-12-03 14:38:00.058837",3.282721,0,"0",0.61932,1,0.61932,0.0528143525823771,"0"
"2","312",1,2,0.99673006688874,0.0156882500836963,"2024-12-03 14:38:09.772277",3.872653,0,"0",0.589932,1,0.589932,0.0528143525823771,"0"
"2","312",1,3,0.341275646105162,0.491483723855548,"2024-12-03 14:38:16.502014",4.432109,0,"0",0.559456,2,0.559456,0.0528143525823771,"0"
"2","312",1,1,0.718709554217042,0.413727265106841,"2024-12-03 14:38:00.058837",5.071746,0,"0",0.639637,2,0.639637,0.0528143525823771,"0"
"2","312",1,2,0.99673006688874,0.0156882500836963,"2024-12-03 14:38:09.772277",5.697959,0,"0",0.626213,2,0.626213,0.0528143525823771,"0"
"2","312",1,3,0.341275646105162,0.491483723855548,"2024-12-03 14:38:16.502014",6.259954,0,"0",0.561995,3,0.561995,0.0528143525823771,"0"
"2","312",1,1,0.718709554217042,0.413727265106841,"2024-12-03 14:38:00.058837",6.917007,0,"0",0.657053,3,0.657053,0.0528143525823771,"0"
"2","312",1,2,0.99673006688874,0.0156882500836963,"2024-12-03 14:38:09.772277",7.481905,0,"0",0.564898,3,0.564898,0.0528143525823771,"0"
"2","312",1,3,0.341275646105162,0.491483723855548,"2024-12-03 14:38:16.502014",8.018867,0,"0",0.536962,4,0.536962,0.0528143525823771,"0"
"2","312",1,1,0.718709554217042,0.413727265106841,"2024-12-03 14:38:00.058837",8.578322,0,"0",0.559455,4,0.559455,0.0528143525823771,"0"
"2","312",1,2,0.99673006688874,0.0156882500836963,"2024-12-03 14:38:09.772277",9.214694,0,"0",0.636372,4,0.636372,0.0528143525823771,"0"
"2","312",1,3,0.341275646105162,0.491483723855548,"2024-12-03 14:38:16.502014",9.754558,0,"0",0.539864,5,0.539864,0.0528143525823771,"0"
"2","312",1,1,0.718709554217042,0.413727265106841,"2024-12-03 14:38:00.058837",10.268299,0,"0",0.513741000000001,5,0.513741000000001,0.0528143525823771,"0"
"2","312",1,2,0.99673006688874,0.0156882500836963,"2024-12-03 14:38:09.772277",10.911565,0,"0",0.643265999999999,5,0.643265999999999,0.0528143525823771,"0"
"2","312",1,3,0.341275646105162,0.491483723855548,"2024-12-03 14:38:16.502014",11.454331,0,"0",0.542766,6,0.542766,0.0528143525823771,"0"
"2","312",1,1,0.718709554217042,0.413727265106841,"2024-12-03 14:38:00.058837",11.898775,0,"0",0.444444000000001,6,0.444444000000001,0.0528143525823771,"0"
"2","312",1,2,0.99673006688874,0.0156882500836963,"2024-12-03 14:38:09.772277",12.50322,0,"0",0.604445,6,0.604445,0.0528143525823771,"0"
"2","312",1,3,0.341275646105162,0.491483723855548,"2024-12-03 14:38:16.502014",13.027121,0,"0",0.523900999999999,7,0.523900999999999,0.0528143525823771,"0"
"2","312",1,1,0.718709554217042,0.413727265106841,"2024-12-03 14:38:00.058837",13.671474,0,"0",0.644353000000001,7,0.644353000000001,0.0528143525823771,"0"
"2","312",1,2,0.99673006688874,0.0156882500836963,"2024-12-03 14:38:09.772277",14.233832,0,"0",0.562358,7,0.562358,0.0528143525823771,"0"
"2","312",1,3,0.341275646105162,0.491483723855548,"2024-12-03 14:38:16.502014",14.800181,0,"0",0.566349000000001,8,0.566349000000001,0.0528143525823771,"0"
"2","312",1,1,0.718709554217042,0.413727265106841,"2024-12-03 14:38:00.058837",15.319366,0,"0",0.519185,8,0.519185,0.0528143525823771,"0"
"2","312",1,2,0.99673006688874,0.0156882500836963,"2024-12-03 14:38:09.772277",15.876644,0,"0",0.557278,8,0.557278,0.0528143525823771,"0"
"2","simultaneous",1,1,0.931016127529975,0.635888575817433,"2024-12-03 14:32:15.269965",2.700045,0,"0",0.0105209999999998,1,0.0870739999999999,0.120108014356161,"0"
"2","simultaneous",1,1,0.931016127529975,0.635888575817433,"2024-12-03 14:32:15.269965",3.357823,0,"0",0.00544199999999995,2,0.657778,0.120108014356161,"0"
"2","simultaneous",1,2,0.993360121280598,0.439646084689743,"2024-12-03 14:32:31.423295",4.044989,0,"0",0.0475290000000004,3,0.687166,0.120108014356161,"0"
"2","simultaneous",1,2,0.993360121280598,0.439646084689743,"2024-12-03 14:32:31.423295",4.7122,0,"0",0.0366439999999999,4,0.667211,0.120108014356161,"0"
"2","simultaneous",1,1,0.931016127529975,0.635888575817433,"2024-12-03 14:32:15.269965",5.360181,0,"0",0.0010880000000002,5,0.647981,0.120108014356161,"0"
"2","simultaneous",1,1,0.931016127529975,0.635888575817433,"2024-12-03 14:32:15.269965",6.03864,0,"0",0.037007,6,0.678459,0.120108014356161,"0"
"2","simultaneous",1,2,0.993360121280598,0.439646084689743,"2024-12-03 14:32:31.423295",6.695329,0,"0",0.029388,7,0.656689,0.120108014356161,"0"
"2","simultaneous",1,2,0.993360121280598,0.439646084689743,"2024-12-03 14:32:31.423295",7.386122,0,"0",0.0634920000000001,8,0.690793,0.120108014356161,"0"
"2","simultaneous",1,2,0.993360121280598,0.439646084689743,"2024-12-03 14:32:31.423295",8.039184,0,"0",0.0253969999999999,9,0.653062,0.120108014356161,"0"
"2","simultaneous",1,2,0.993360121280598,0.439646084689743,"2024-12-03 14:32:31.423295",8.696961,0,"0",0.00689299999999982,10,0.657776999999999,0.120108014356161,"0"
"2","simultaneous",1,2,0.993360121280598,0.439646084689743,"2024-12-03 14:32:31.423295",9.429841,0,"0",0.092153999999999,11,0.73288,0.120108014356161,"0"
"2","simultaneous",1,2,0.993360121280598,0.439646084689743,"2024-12-03 14:32:31.423295",10.067302,0,"0",0.0206809999999997,12,0.637461,0.120108014356161,"0"
"2","simultaneous",1,2,0.993360121280598,0.439646084689743,"2024-12-03 14:32:31.423295",10.757007,0,"0",0.0391840000000006,13,0.689705,0.120108014356161,"0"
"2","simultaneous",1,2,0.993360121280598,0.439646084689743,"2024-12-03 14:32:31.423295",11.440544,0,"0",0.0308389999999985,14,0.683536999999999,0.120108014356161,"0"
"2","simultaneous",1,2,0.993360121280598,0.439646084689743,"2024-12-03 14:32:31.423295",12.11102,0,"0",0.0558730000000001,15,0.670476000000001,0.120108014356161,"0"
"2","simultaneous",1,3,0.866987160975281,0.278579134424564,"2024-12-03 14:32:37.785245",12.743764,0,"0",0.00290200000000063,16,0.632744000000001,0.120108014356161,"0"
"2","simultaneous",1,1,0.931016127529975,0.635888575817433,"2024-12-03 14:32:15.269965",13.408798,0,"0",0.00907000000000124,17,0.665034,0.120108014356161,"0"
"2","simultaneous",1,2,0.993360121280598,0.439646084689743,"2024-12-03 14:32:31.423295",14.083265,0,"0",0.0315640000000013,18,0.674467,0.120108014356161,"0"
"2","simultaneous",1,2,0.993360121280598,0.439646084689743,"2024-12-03 14:32:31.423295",14.752291,0,"0",0.0333799999999993,19,0.669025999999999,0.120108014356161,"0"
"2","simultaneous",1,2,0.993360121280598,0.439646084689743,"2024-12-03 14:32:31.423295",15.406077,0,"0",0.00108900000000034,20,0.653786,0.120108014356161,"0"
"2","simultaneous",1,2,0.993360121280598,0.439646084689743,"2024-12-03 14:32:31.423295",16.061678,0,"0",0.0282990000000005,21,0.655601000000001,0.120108014356161,"0"
"2","simultaneous",1,2,0.993360121280598,0.439646084689743,"2024-12-03 14:32:31.423295",16.706032,0,"0",0.0214059999999989,22,0.644354,0.120108014356161,"0"
"2","simultaneous",1,2,0.993360121280598,0.439646084689743,"2024-12-03 14:32:31.423295",17.345669,0,"0",0.0159650000000013,23,0.639637,0.120108014356161,"0"
"2","simultaneous",1,1,0.931016127529975,0.635888575817433,"2024-12-03 14:32:15.269965",18.015419,0,"0",0.0337410000000027,24,0.669750000000001,0.120108014356161,"0"
"2","1-23",2,3,0.925961209117762,0.491483723855548,"2024-12-03 14:22:29.194295",3.283084,1,"1",0.027574,1,0.642903,0.0377062579887452,"1"
"2","1-23",2,1,0.888891807428203,0.611821100490452,"2024-12-03 14:22:04.834343",3.912199,1,"0",0.629115,2,0.629115,0.0377062579887452,"1"
"2","1-23",2,3,0.925961209117762,0.491483723855548,"2024-12-03 14:22:29.194295",4.449887,1,"1",0.00254000000000065,2,0.537688,0.0377062579887452,"1"
"2","1-23",2,1,0.888891807428203,0.611821100490452,"2024-12-03 14:22:04.834343",5.081179,1,"0",0.631291999999999,3,0.631291999999999,0.0377062579887452,"1"
"2","1-23",2,3,0.925961209117762,0.491483723855548,"2024-12-03 14:22:29.194295",5.640272,1,"1",0.0174150000000006,3,0.559093000000001,0.0377062579887452,"1"
"2","1-23",2,1,0.888891807428203,0.611821100490452,"2024-12-03 14:22:04.834343",6.28898,1,"0",0.648707999999999,4,0.648707999999999,0.0377062579887452,"1"
"2","1-23",2,2,1.02705957736202,0.198971331419935,"2024-12-03 14:22:21.078001",6.873469,1,"1",0.0442629999999999,4,0.584489,0.0377062579887452,"1"
"2","1-23",2,1,0.888891807428203,0.611821100490452,"2024-12-03 14:22:04.834343",7.407891,1,"0",0.534422,5,0.534422,0.0377062579887452,"1"
"2","1-23",2,3,0.925961209117762,0.491483723855548,"2024-12-03 14:22:29.194295",7.945578,1,"1",0.00181400000000043,5,0.537687,0.0377062579887452,"1"
"2","1-23",2,1,0.888891807428203,0.611821100490452,"2024-12-03 14:22:04.834343",8.562721,1,"0",0.617143,6,0.617143,0.0377062579887452,"1"
"2","1-23",2,2,1.02705957736202,0.198971331419935,"2024-12-03 14:22:21.078001",9.117824,1,"1",0.0468039999999998,6,0.555103000000001,0.0377062579887452,"1"
"2","1-23",2,1,0.888891807428203,0.611821100490452,"2024-12-03 14:22:04.834343",9.744399,1,"0",0.626574999999999,7,0.626574999999999,0.0377062579887452,"1"
"2","1-23",2,2,1.02705957736202,0.198971331419935,"2024-12-03 14:22:21.078001",10.334694,1,"1",0.0896150000000002,7,0.590295000000001,0.0377062579887452,"1"
"2","1-23",2,1,0.888891807428203,0.611821100490452,"2024-12-03 14:22:04.834343",10.945669,1,"0",0.610975,8,0.610975,0.0377062579887452,"1"
"2","1-23",2,2,1.02705957736202,0.198971331419935,"2024-12-03 14:22:21.078001",11.545759,1,"1",0.0555090000000007,8,0.60009,0.0377062579887452,"1"
"2","1-23",2,1,0.888891807428203,0.611821100490452,"2024-12-03 14:22:04.834343",12.170158,1,"0",0.624399,9,0.624399,0.0377062579887452,"1"
"2","1-23",2,2,1.02705957736202,0.198971331419935,"2024-12-03 14:22:21.078001",12.799274,1,"1",0.122630000000001,9,0.629116,0.0377062579887452,"1"
"2","1-23",2,1,0.888891807428203,0.611821100490452,"2024-12-03 14:22:04.834343",13.362358,1,"0",0.563084,10,0.563084,0.0377062579887452,"1"
"2","1-23",2,2,1.02705957736202,0.198971331419935,"2024-12-03 14:22:21.078001",13.998005,1,"1",0.0939679999999985,10,0.635646999999999,0.0377062579887452,"1"
"2","1-23",2,1,0.888891807428203,0.611821100490452,"2024-12-03 14:22:04.834343",14.581406,1,"0",0.583401,11,0.583401,0.0377062579887452,"1"
"2","1-23",2,2,1.02705957736202,0.198971331419935,"2024-12-03 14:22:21.078001",15.140862,1,"1",0.0279360000000004,11,0.559456000000001,0.0377062579887452,"1"
"2","1-23",2,1,0.888891807428203,0.611821100490452,"2024-12-03 14:22:04.834343",15.758004,1,"0",0.617141999999999,12,0.617141999999999,0.0377062579887452,"1"
"2","1-23",2,2,1.02705957736202,0.198971331419935,"2024-12-03 14:22:21.078001",16.308027,1,"1",0.0442639999999983,12,0.550022999999999,0.0377062579887452,"1"
"2","123",2,2,0.993360121280598,0.484078346831862,"2024-12-03 14:16:49.418929",3.133243,0,"0",0.607347,1,0.607347,0.0464992968983779,"0"
"2","123",2,3,0.683325125331554,0.308200642519309,"2024-12-03 14:16:57.924459",3.632834,0,"0",0.499591,1,0.499591,0.0464992968983779,"0"
"2","123",2,1,0.587281675499512,0.597010346443079,"2024-12-03 14:16:34.887673",4.24127,0,"0",0.608436,2,0.608436,0.0464992968983779,"0"
"2","123",2,2,0.993360121280598,0.484078346831862,"2024-12-03 14:16:49.418929",4.835193,0,"0",0.593923,2,0.593923,0.0464992968983779,"0"
"2","123",2,3,0.683325125331554,0.308200642519309,"2024-12-03 14:16:57.924459",5.322812,0,"0",0.487619,2,0.487619,0.0464992968983779,"0"
"2","123",2,1,0.587281675499512,0.597010346443079,"2024-12-03 14:16:34.887673",5.919274,0,"0",0.596462,3,0.596462,0.0464992968983779,"0"
"2","123",2,2,0.993360121280598,0.484078346831862,"2024-12-03 14:16:49.418929",6.461678,0,"0",0.542404,3,0.542404,0.0464992968983779,"0"
"2","123",2,3,0.683325125331554,0.308200642519309,"2024-12-03 14:16:57.924459",6.919547,0,"0",0.457869,3,0.457869,0.0464992968983779,"0"
"2","123",2,1,0.587281675499512,0.597010346443079,"2024-12-03 14:16:34.887673",7.526894,0,"0",0.607347000000001,4,0.607347000000001,0.0464992968983779,"0"
"2","123",2,2,0.993360121280598,0.484078346831862,"2024-12-03 14:16:49.418929",8.074739,0,"0",0.547844999999999,4,0.547844999999999,0.0464992968983779,"0"
"2","123",2,3,0.683325125331554,0.308200642519309,"2024-12-03 14:16:57.924459",8.553651,0,"0",0.478912000000001,4,0.478912000000001,0.0464992968983779,"0"
"2","123",2,1,0.587281675499512,0.597010346443079,"2024-12-03 14:16:34.887673",9.103311,0,"0",0.549659999999999,5,0.549659999999999,0.0464992968983779,"0"
"2","123",2,2,0.993360121280598,0.484078346831862,"2024-12-03 14:16:49.418929",9.665306,0,"0",0.561995,5,0.561995,0.0464992968983779,"0"
"2","123",2,3,0.683325125331554,0.308200642519309,"2024-12-03 14:16:57.924459",10.176508,0,"0",0.511202000000001,5,0.511202000000001,0.0464992968983779,"0"
"2","123",2,1,0.587281675499512,0.597010346443079,"2024-12-03 14:16:34.887673",10.757732,0,"0",0.581224000000001,6,0.581224000000001,0.0464992968983779,"0"
"2","123",2,2,0.993360121280598,0.484078346831862,"2024-12-03 14:16:49.418929",11.315737,0,"0",0.558005,6,0.558005,0.0464992968983779,"0"
"2","123",2,3,0.683325125331554,0.308200642519309,"2024-12-03 14:16:57.924459",11.778322,0,"0",0.462584999999999,6,0.462584999999999,0.0464992968983779,"0"
"2","123",2,1,0.587281675499512,0.597010346443079,"2024-12-03 14:16:34.887673",12.306939,0,"0",0.528617000000001,7,0.528617000000001,0.0464992968983779,"0"
"2","123",2,2,0.993360121280598,0.484078346831862,"2024-12-03 14:16:49.418929",12.870385,0,"0",0.563446000000001,7,0.563446000000001,0.0464992968983779,"0"
"2","123",2,3,0.683325125331554,0.308200642519309,"2024-12-03 14:16:57.924459",13.368526,0,"0",0.498140999999999,7,0.498140999999999,0.0464992968983779,"0"
"2","123",2,1,0.587281675499512,0.597010346443079,"2024-12-03 14:16:34.887673",13.925079,0,"0",0.556553000000001,8,0.556553000000001,0.0464992968983779,"0"
"2","123",2,2,0.993360121280598,0.484078346831862,"2024-12-03 14:16:49.418929",14.473651,0,"0",0.548572,8,0.548572,0.0464992968983779,"0"
"2","123",2,3,0.683325125331554,0.308200642519309,"2024-12-03 14:16:57.924459",14.987755,0,"0",0.514104,8,0.514104,0.0464992968983779,"0"
"1","23-1",2,1,0.8080131128328,0.630334543049668,"2024-12-01 17:53:43.027612",3.629932,1,"0",0.813787,1,0.813787,0.0725101364487627,"1"
"1","23-1",2,3,0.39350980303136,1.0098601155136,"2024-12-01 17:54:37.654771",4.164717,1,"1",0.534784999999999,2,0.580499,0.0725101364487627,"1"
"1","23-1",2,1,0.8080131128328,0.630334543049668,"2024-12-01 17:53:43.027612",4.785488,1,"0",0.575057,2,0.575057,0.0725101364487627,"1"
"1","23-1",2,2,0.278931652354539,0.578496903883863,"2024-12-01 17:53:58.300122",5.455238,1,"1",0.66975,3,0.672652,0.0725101364487627,"1"
"1","23-1",2,1,0.8080131128328,0.630334543049668,"2024-12-01 17:53:43.027612",6.179773,1,"0",0.721633,3,0.721633,0.0725101364487627,"1"
"1","23-1",2,2,0.278931652354539,0.578496903883863,"2024-12-01 17:53:58.300122",6.780227,1,"1",0.600454,4,0.609524,0.0725101364487627,"1"
"1","23-1",2,1,0.8080131128328,0.630334543049668,"2024-12-01 17:53:43.027612",7.421315,1,"0",0.632018,4,0.632018,0.0725101364487627,"1"
"1","23-1",2,3,0.39350980303136,1.0098601155136,"2024-12-01 17:54:37.654771",7.963719,1,"1",0.542404,5,0.650885000000001,0.0725101364487627,"1"
"1","23-1",2,1,0.8080131128328,0.630334543049668,"2024-12-01 17:53:43.027612",8.684989,1,"0",0.612788999999999,5,0.612788999999999,0.0725101364487627,"1"
"1","23-1",2,3,0.39350980303136,1.0098601155136,"2024-12-01 17:54:37.654771",9.306485,1,"1",0.621496,6,0.710385,0.0725101364487627,"1"
"1","23-1",2,1,0.8080131128328,0.630334543049668,"2024-12-01 17:53:43.027612",9.984943,1,"0",0.589568999999999,6,0.589568999999999,0.0725101364487627,"1"
"1","23-1",2,2,0.278931652354539,0.578496903883863,"2024-12-01 17:53:58.300122",10.669207,1,"1",0.684264000000001,7,0.686078,0.0725101364487627,"1"
"1","23-1",2,1,0.8080131128328,0.630334543049668,"2024-12-01 17:53:43.027612",11.312835,1,"0",0.641814,7,0.641814,0.0725101364487627,"1"
"1","23-1",2,3,0.39350980303136,1.0098601155136,"2024-12-01 17:54:37.654771",11.856326,1,"1",0.543491,8,0.656688000000001,0.0725101364487627,"1"
"1","23-1",2,1,0.8080131128328,0.630334543049668,"2024-12-01 17:53:43.027612",12.535148,1,"0",0.565624999999999,8,0.565624999999999,0.0725101364487627,"1"
"1","23-1",2,2,0.278931652354539,0.578496903883863,"2024-12-01 17:53:58.300122",13.165714,1,"1",0.630566,9,0.698775000000001,0.0725101364487627,"1"
"1","23-1",2,1,0.8080131128328,0.630334543049668,"2024-12-01 17:53:43.027612",13.765079,1,"0",0.531155999999999,9,0.531155999999999,0.0725101364487627,"1"
"1","23-1",2,2,0.278931652354539,0.578496903883863,"2024-12-01 17:53:58.300122",14.465306,1,"1",0.700227,10,0.757187999999999,0.0725101364487627,"1"
"1","23-1",2,1,0.8080131128328,0.630334543049668,"2024-12-01 17:53:43.027612",15.145578,1,"0",0.623311000000001,10,0.623311000000001,0.0725101364487627,"1"
"1","23-1",2,3,0.39350980303136,1.0098601155136,"2024-12-01 17:54:37.654771",15.709388,1,"1",0.56381,11,0.699501,0.0725101364487627,"1"
"1","23-1",2,1,0.8080131128328,0.630334543049668,"2024-12-01 17:53:43.027612",16.508661,1,"0",0.663582,11,0.663582,0.0725101364487627,"1"
"1","23-1",2,2,0.278931652354539,0.578496903883863,"2024-12-01 17:53:58.300122",17.112743,1,"1",0.604081999999998,12,0.78295,0.0725101364487627,"1"
"1","23-1",2,1,0.8080131128328,0.630334543049668,"2024-12-01 17:53:43.027612",17.870657,1,"0",0.579046000000002,12,0.579046000000002,0.0725101364487627,"1"
"2","23-1",2,1,0.587281675499512,0.717347723077983,"2024-12-03 14:45:32.36768",3.340771,1,"0",0.655964,1,0.655964,0.027731797277157,"1"
"2","23-1",2,3,0.646255723641994,0.622929166025982,"2024-12-03 14:45:49.257054",3.892608,1,"1",0.551837,2,0.621134,0.027731797277157,"1"
"2","23-1",2,1,0.587281675499512,0.717347723077983,"2024-12-03 14:45:32.36768",4.5961,1,"0",0.634195,2,0.634195,0.027731797277157,"1"
"2","23-1",2,3,0.646255723641994,0.622929166025982,"2024-12-03 14:45:49.257054",5.160272,1,"1",0.564172,3,0.612063,0.027731797277157,"1"
"2","23-1",2,1,0.587281675499512,0.717347723077983,"2024-12-03 14:45:32.36768",5.86703,1,"0",0.658867,3,0.658867,0.027731797277157,"1"
"2","23-1",2,3,0.646255723641994,0.622929166025982,"2024-12-03 14:45:49.257054",6.385125,1,"1",0.518095000000001,4,0.569614000000001,0.027731797277157,"1"
"2","23-1",2,1,0.587281675499512,0.717347723077983,"2024-12-03 14:45:32.36768",7.090794,1,"0",0.65415,4,0.65415,0.027731797277157,"1"
"2","23-1",2,2,0.82823278648165,0.226741495258759,"2024-12-03 14:45:43.213023",7.650612,1,"1",0.559818,5,0.576508,0.027731797277157,"1"
"2","23-1",2,1,0.587281675499512,0.717347723077983,"2024-12-03 14:45:32.36768",8.261587,1,"0",0.594285,5,0.594285,0.027731797277157,"1"
"2","23-1",2,3,0.646255723641994,0.622929166025982,"2024-12-03 14:45:49.257054",8.813424,1,"1",0.551836999999999,6,0.591382999999999,0.027731797277157,"1"
"2","23-1",2,1,0.587281675499512,0.717347723077983,"2024-12-03 14:45:32.36768",9.462494,1,"0",0.609524,6,0.609524,0.027731797277157,"1"
"2","23-1",2,3,0.646255723641994,0.622929166025982,"2024-12-03 14:45:49.257054",10.05678,1,"1",0.594286,7,0.600454000000001,0.027731797277157,"1"
"2","23-1",2,1,0.587281675499512,0.717347723077983,"2024-12-03 14:45:32.36768",10.721451,1,"0",0.658503,7,0.658503,0.027731797277157,"1"
"2","23-1",2,3,0.646255723641994,0.622929166025982,"2024-12-03 14:45:49.257054",11.284172,1,"1",0.562721,8,0.588844,0.027731797277157,"1"
"2","23-1",2,1,0.587281675499512,0.717347723077983,"2024-12-03 14:45:32.36768",11.887891,1,"0",0.577596,8,0.577596,0.027731797277157,"1"
"2","23-1",2,3,0.646255723641994,0.622929166025982,"2024-12-03 14:45:49.257054",12.440454,1,"1",0.552563000000001,9,0.589932000000001,0.027731797277157,"1"
"2","23-1",2,1,0.587281675499512,0.717347723077983,"2024-12-03 14:45:32.36768",13.079728,1,"0",0.601904999999999,9,0.601904999999999,0.027731797277157,"1"
"2","23-1",2,3,0.646255723641994,0.622929166025982,"2024-12-03 14:45:49.257054",13.593832,1,"1",0.514104000000001,10,0.615691,0.027731797277157,"1"
"2","23-1",2,1,0.587281675499512,0.717347723077983,"2024-12-03 14:45:32.36768",14.28898,1,"0",0.593561000000001,10,0.593561000000001,0.027731797277157,"1"
"2","23-1",2,3,0.646255723641994,0.622929166025982,"2024-12-03 14:45:49.257054",14.859682,1,"1",0.570701999999999,11,0.588116999999999,0.027731797277157,"1"
"2","23-1",2,1,0.587281675499512,0.717347723077983,"2024-12-03 14:45:32.36768",15.485896,1,"0",0.608799000000001,11,0.608799000000001,0.027731797277157,"1"
"2","23-1",2,3,0.646255723641994,0.622929166025982,"2024-12-03 14:45:49.257054",16.021044,1,"1",0.535148,12,0.575420000000001,0.027731797277157,"1"
"2","23-1",2,1,0.587281675499512,0.717347723077983,"2024-12-03 14:45:32.36768",16.679909,1,"0",0.618592999999997,12,0.618592999999997,0.027731797277157,"1"
"2","231",2,3,0.371605156578438,0.439646084689743,"2024-12-03 14:28:27.27063",3.332063,0,"0",0.657052,1,0.657052,0.0347592503212207,"0"
"2","231",2,1,0.540102436985527,0.350781560405506,"2024-12-03 14:28:07.31442",4.003991,0,"0",0.671928,1,0.671928,0.0347592503212207,"0"
"2","231",2,2,0.932701100334046,0.458159527248959,"2024-12-03 14:28:20.297038",4.629478,0,"0",0.625487,2,0.625487,0.0347592503212207,"0"
"2","231",2,3,0.371605156578438,0.439646084689743,"2024-12-03 14:28:27.27063",5.227392,0,"0",0.597914,2,0.597914,0.0347592503212207,"0"
"2","231",2,1,0.540102436985527,0.350781560405506,"2024-12-03 14:28:07.31442",5.898594,0,"0",0.671202,2,0.671202,0.0347592503212207,"0"
"2","231",2,2,0.932701100334046,0.458159527248959,"2024-12-03 14:28:20.297038",6.449705,0,"0",0.551111,3,0.551111,0.0347592503212207,"0"
"2","231",2,3,0.371605156578438,0.439646084689743,"2024-12-03 14:28:27.27063",7.061769,0,"0",0.612064,3,0.612064,0.0347592503212207,"0"
"2","231",2,1,0.540102436985527,0.350781560405506,"2024-12-03 14:28:07.31442",7.638639,0,"0",0.57687,3,0.57687,0.0347592503212207,"0"
"2","231",2,2,0.932701100334046,0.458159527248959,"2024-12-03 14:28:20.297038",8.25034,0,"0",0.611700999999999,4,0.611700999999999,0.0347592503212207,"0"
"2","231",2,3,0.371605156578438,0.439646084689743,"2024-12-03 14:28:27.27063",8.850068,0,"0",0.599728000000001,4,0.599728000000001,0.0347592503212207,"0"
"2","231",2,1,0.540102436985527,0.350781560405506,"2024-12-03 14:28:07.31442",9.428027,0,"0",0.577959,4,0.577959,0.0347592503212207,"0"
"2","231",2,2,0.932701100334046,0.458159527248959,"2024-12-03 14:28:20.297038",10.064399,0,"0",0.636372,5,0.636372,0.0347592503212207,"0"
"2","231",2,3,0.371605156578438,0.439646084689743,"2024-12-03 14:28:27.27063",10.674648,0,"0",0.610249,5,0.610249,0.0347592503212207,"0"
"2","231",2,1,0.540102436985527,0.350781560405506,"2024-12-03 14:28:07.31442",11.274377,0,"0",0.599729,5,0.599729,0.0347592503212207,"0"
"2","231",2,2,0.932701100334046,0.458159527248959,"2024-12-03 14:28:20.297038",11.885351,0,"0",0.610974000000001,6,0.610974000000001,0.0347592503212207,"0"
"2","231",2,3,0.371605156578438,0.439646084689743,"2024-12-03 14:28:27.27063",12.443719,0,"0",0.558368,6,0.558368,0.0347592503212207,"0"
"2","231",2,1,0.540102436985527,0.350781560405506,"2024-12-03 14:28:07.31442",13.041995,0,"0",0.598276,6,0.598276,0.0347592503212207,"0"
"2","231",2,2,0.932701100334046,0.458159527248959,"2024-12-03 14:28:20.297038",13.65297,0,"0",0.610975,7,0.610975,0.0347592503212207,"0"
"2","231",2,3,0.371605156578438,0.439646084689743,"2024-12-03 14:28:27.27063",14.263583,0,"0",0.610613000000001,7,0.610613000000001,0.0347592503212207,"0"
"2","231",2,1,0.540102436985527,0.350781560405506,"2024-12-03 14:28:07.31442",14.819774,0,"0",0.556191,7,0.556191,0.0347592503212207,"0"
"2","231",2,2,0.932701100334046,0.458159527248959,"2024-12-03 14:28:20.297038",15.401723,0,"0",0.581949,8,0.581949,0.0347592503212207,"0"
"2","231",2,3,0.371605156578438,0.439646084689743,"2024-12-03 14:28:27.27063",16.065306,0,"0",0.663582999999999,8,0.663582999999999,0.0347592503212207,"0"
"2","231",2,1,0.540102436985527,0.350781560405506,"2024-12-03 14:28:07.31442",16.649433,0,"0",0.584126999999999,8,0.584126999999999,0.0347592503212207,"0"
"2","312",2,1,0.406989585463927,0.261917036121269,"2024-12-03 14:39:17.878427",3.274739,0,"0",0.64653,1,0.64653,0.0422357050102802,"0"
"2","312",2,2,0.90237158986077,0.187863265884405,"2024-12-03 14:39:27.958646",3.848345,0,"0",0.573606,1,0.573606,0.0422357050102802,"0"
"2","312",2,3,0.459223742390125,0.474821625552254,"2024-12-03 14:39:33.505214",4.437188,0,"0",0.588843,2,0.588843,0.0422357050102802,"0"
"2","312",2,1,0.406989585463927,0.261917036121269,"2024-12-03 14:39:17.878427",5.044535,0,"0",0.607347,2,0.607347,0.0422357050102802,"0"
"2","312",2,2,0.90237158986077,0.187863265884405,"2024-12-03 14:39:27.958646",5.632653,0,"0",0.588118000000001,2,0.588118000000001,0.0422357050102802,"0"
"2","312",2,3,0.459223742390125,0.474821625552254,"2024-12-03 14:39:33.505214",6.179773,0,"0",0.54712,3,0.54712,0.0422357050102802,"0"
"2","312",2,1,0.406989585463927,0.261917036121269,"2024-12-03 14:39:17.878427",6.81542,0,"0",0.635647,3,0.635647,0.0422357050102802,"0"
"2","312",2,2,0.90237158986077,0.187863265884405,"2024-12-03 14:39:27.958646",7.369433,0,"0",0.554013,3,0.554013,0.0422357050102802,"0"
"2","312",2,3,0.459223742390125,0.474821625552254,"2024-12-03 14:39:33.505214",7.913288,0,"0",0.543855,4,0.543855,0.0422357050102802,"0"
"2","312",2,1,0.406989585463927,0.261917036121269,"2024-12-03 14:39:17.878427",8.528254,0,"0",0.614966000000001,4,0.614966000000001,0.0422357050102802,"0"
"2","312",2,2,0.90237158986077,0.187863265884405,"2024-12-03 14:39:27.958646",9.116009,0,"0",0.587755,4,0.587755,0.0422357050102802,"0"
"2","312",2,3,0.459223742390125,0.474821625552254,"2024-12-03 14:39:33.505214",9.701588,0,"0",0.585578999999999,5,0.585578999999999,0.0422357050102802,"0"
"2","312",2,1,0.406989585463927,0.261917036121269,"2024-12-03 14:39:17.878427",10.319093,0,"0",0.617505000000001,5,0.617505000000001,0.0422357050102802,"0"
"2","312",2,2,0.90237158986077,0.187863265884405,"2024-12-03 14:39:27.958646",10.88,0,"0",0.560907,5,0.560907,0.0422357050102802,"0"
"2","312",2,3,0.459223742390125,0.474821625552254,"2024-12-03 14:39:33.505214",11.46703,0,"0",0.587029999999999,6,0.587029999999999,0.0422357050102802,"0"
"2","312",2,1,0.406989585463927,0.261917036121269,"2024-12-03 14:39:17.878427",12.066031,0,"0",0.599001000000001,6,0.599001000000001,0.0422357050102802,"0"
"2","312",2,2,0.90237158986077,0.187863265884405,"2024-12-03 14:39:27.958646",12.657052,0,"0",0.591021,6,0.591021,0.0422357050102802,"0"
"2","312",2,3,0.459223742390125,0.474821625552254,"2024-12-03 14:39:33.505214",13.18059,0,"0",0.523538,7,0.523538,0.0422357050102802,"0"
"2","312",2,1,0.406989585463927,0.261917036121269,"2024-12-03 14:39:17.878427",13.804626,0,"0",0.624036,7,0.624036,0.0422357050102802,"0"
"2","312",2,2,0.90237158986077,0.187863265884405,"2024-12-03 14:39:27.958646",14.346666,0,"0",0.54204,7,0.54204,0.0422357050102802,"0"
"2","312",2,3,0.459223742390125,0.474821625552254,"2024-12-03 14:39:33.505214",15.066122,0,"0",0.719455999999999,8,0.719455999999999,0.0422357050102802,"0"
"2","312",2,1,0.406989585463927,0.261917036121269,"2024-12-03 14:39:17.878427",15.648436,0,"0",0.582314,8,0.582314,0.0422357050102802,"0"
"2","312",2,2,0.90237158986077,0.187863265884405,"2024-12-03 14:39:27.958646",16.205351,0,"0",0.556915,8,0.556915,0.0422357050102802,"0"
"1","simultaneous",2,1,0.799588248812445,0.484078346831862,"2024-12-01 18:05:55.483129",2.850612,0,"0",0.048254,1,0.102676,0.130159167043572,"0"
"1","simultaneous",2,3,0.504718008100039,0.719199067333905,"2024-12-01 18:06:30.546982",3.695601,0,"0",0.04644,2,0.844989,0.130159167043572,"0"
"1","simultaneous",2,3,0.504718008100039,0.719199067333905,"2024-12-01 18:06:30.546982",4.48254,0,"0",0.0841729999999998,3,0.786939,0.130159167043572,"0"
"1","simultaneous",2,3,0.504718008100039,0.719199067333905,"2024-12-01 18:06:30.546982",5.162086,0,"0",0.0555100000000008,4,0.679546,0.130159167043572,"0"
"1","simultaneous",2,3,0.504718008100039,0.719199067333905,"2024-12-01 18:06:30.546982",5.846349,0,"0",0.0859860000000001,5,0.684263,0.130159167043572,"0"
"1","simultaneous",2,3,0.504718008100039,0.719199067333905,"2024-12-01 18:06:30.546982",6.528435,0,"0",0.0605890000000002,6,0.682086,0.130159167043572,"0"
"1","simultaneous",2,3,0.504718008100039,0.719199067333905,"2024-12-01 18:06:30.546982",7.275465,0,"0",0.132789,7,0.74703,0.130159167043572,"0"
"1","simultaneous",2,3,0.504718008100039,0.719199067333905,"2024-12-01 18:06:30.546982",7.901678,0,"0",0.0507940000000007,8,0.626213000000001,0.130159167043572,"0"
"1","simultaneous",2,3,0.504718008100039,0.719199067333905,"2024-12-01 18:06:30.546982",8.601542,0,"0",0.0656689999999998,9,0.699864,0.130159167043572,"0"
"1","simultaneous",2,3,0.504718008100039,0.719199067333905,"2024-12-01 18:06:30.546982",9.296689,0,"0",0.0504300000000004,10,0.695147,0.130159167043572,"0"
"1","simultaneous",2,3,0.504718008100039,0.719199067333905,"2024-12-01 18:06:30.546982",9.962811,0,"0",0.0478900000000007,11,0.666122,0.130159167043572,"0"
"1","simultaneous",2,3,0.504718008100039,0.719199067333905,"2024-12-01 18:06:30.546982",10.633651,0,"0",0.02576,12,0.67084,0.130159167043572,"0"
"1","simultaneous",2,3,0.504718008100039,0.719199067333905,"2024-12-01 18:06:30.546982",11.311021,0,"0",0.0152389999999993,13,0.67737,0.130159167043572,"0"
"1","simultaneous",2,3,0.504718008100039,0.719199067333905,"2024-12-01 18:06:30.546982",12.021043,0,"0",0.074739000000001,14,0.710022,0.130159167043572,"0"
"1","simultaneous",2,3,0.504718008100039,0.719199067333905,"2024-12-01 18:06:30.546982",12.691156,0,"0",0.0627659999999999,15,0.670112999999999,0.130159167043572,"0"
"1","simultaneous",2,3,0.504718008100039,0.719199067333905,"2024-12-01 18:06:30.546982",13.364535,0,"0",0.0609520000000003,16,0.673379000000001,0.130159167043572,"0"
"1","simultaneous",2,3,0.504718008100039,0.719199067333905,"2024-12-01 18:06:30.546982",14.036099,0,"0",0.103401,17,0.671564,0.130159167043572,"0"
"1","simultaneous",2,3,0.504718008100039,0.719199067333905,"2024-12-01 18:06:30.546982",14.662676,0,"0",0.0246719999999989,18,0.626576999999999,0.130159167043572,"0"
"1","simultaneous",2,3,0.504718008100039,0.719199067333905,"2024-12-01 18:06:30.546982",15.32263,0,"0",0.0174140000000005,19,0.659954000000001,0.130159167043572,"0"
"1","simultaneous",2,3,0.504718008100039,0.719199067333905,"2024-12-01 18:06:30.546982",15.989841,0,"0",0.0380950000000002,20,0.667211,0.130159167043572,"0"
"1","simultaneous",2,2,0.711969663000759,0.891374083134614,"2024-12-01 18:06:10.7367",16.691881,0,"0",0.0420850000000002,21,0.702039999999998,0.130159167043572,"0"
"1","simultaneous",2,3,0.504718008100039,0.719199067333905,"2024-12-01 18:06:30.546982",17.389568,0,"0",0.0522440000000017,22,0.697687000000002,0.130159167043572,"0"
"1","simultaneous",2,3,0.504718008100039,0.719199067333905,"2024-12-01 18:06:30.546982",18.139139,0,"0",0.128437000000002,23,0.749571,0.130159167043572,"0"
"1","simultaneous",2,3,0.504718008100039,0.719199067333905,"2024-12-01 18:06:30.546982",18.852789,0,"0",0.158186000000001,24,0.713650000000001,0.130159167043572,"0"
"2","simultaneous",2,1,0.909111481077053,0.589604969419393,"2024-12-03 14:33:39.260851",2.733787,0,"0",0.0286620000000002,1,0.0620409999999998,0.118613635814596,"0"
"2","simultaneous",2,1,0.909111481077053,0.589604969419393,"2024-12-03 14:33:39.260851",3.34585,0,"0",0.0163259999999998,2,0.612063,0.118613635814596,"0"
"2","simultaneous",2,1,0.909111481077053,0.589604969419393,"2024-12-03 14:33:39.260851",4.00907,0,"0",0.0319270000000005,3,0.66322,0.118613635814596,"0"
"2","simultaneous",2,1,0.909111481077053,0.589604969419393,"2024-12-03 14:33:39.260851",4.698413,0,"0",0.0598640000000001,4,0.689343,0.118613635814596,"0"
"2","simultaneous",2,1,0.909111481077053,0.589604969419393,"2024-12-03 14:33:39.260851",5.295238,0,"0",0.00254000000000065,5,0.596825,0.118613635814596,"0"
"2","simultaneous",2,1,0.909111481077053,0.589604969419393,"2024-12-03 14:33:39.260851",5.958095,0,"0",0.0420860000000003,6,0.662857,0.118613635814596,"0"
"2","simultaneous",2,1,0.909111481077053,0.589604969419393,"2024-12-03 14:33:39.260851",6.571973,0,"0",0.0435379999999999,7,0.613878,0.118613635814596,"0"
"2","simultaneous",2,2,0.92259126350962,0.176755200348876,"2024-12-03 14:33:55.520065",7.226485,0,"0",0.0580490000000005,8,0.654512,0.118613635814596,"0"
"2","simultaneous",2,1,0.909111481077053,0.589604969419393,"2024-12-03 14:33:39.260851",7.825125,0,"0",0.0377330000000002,9,0.59864,0.118613635814596,"0"
"2","simultaneous",2,1,0.909111481077053,0.589604969419393,"2024-12-03 14:33:39.260851",8.423038,0,"0",0.0214060000000007,10,0.597913,0.118613635814596,"0"
"2","simultaneous",2,1,0.909111481077053,0.589604969419393,"2024-12-03 14:33:39.260851",9.053243,0,"0",0.0489800000000002,11,0.630205,0.118613635814596,"0"
"2","simultaneous",2,1,0.909111481077053,0.589604969419393,"2024-12-03 14:33:39.260851",9.688526,0,"0",0.0899769999999993,12,0.635282999999999,0.118613635814596,"0"
"2","simultaneous",2,1,0.909111481077053,0.589604969419393,"2024-12-03 14:33:39.260851",10.278821,0,"0",0.0253969999999999,13,0.590295000000001,0.118613635814596,"0"
"2","simultaneous",2,1,0.909111481077053,0.589604969419393,"2024-12-03 14:33:39.260851",10.915556,0,"0",0.0431749999999997,14,0.636735,0.118613635814596,"0"
"2","simultaneous",2,1,0.909111481077053,0.589604969419393,"2024-12-03 14:33:39.260851",11.506939,0,"0",0.0232199999999985,15,0.591382999999999,0.118613635814596,"0"
"2","simultaneous",2,1,0.909111481077053,0.589604969419393,"2024-12-03 14:33:39.260851",12.150204,0,"0",0.0580490000000005,16,0.643265000000001,0.118613635814596,"0"
"2","simultaneous",2,1,0.909111481077053,0.589604969419393,"2024-12-03 14:33:39.260851",12.752109,0,"0",0.0711110000000001,17,0.601905,0.118613635814596,"0"
"2","simultaneous",2,1,0.909111481077053,0.589604969419393,"2024-12-03 14:33:39.260851",13.383039,0,"0",0.0685719999999996,18,0.630929999999999,0.118613635814596,"0"
"2","simultaneous",2,1,0.909111481077053,0.589604969419393,"2024-12-03 14:33:39.260851",14.01542,0,"0",0.0500690000000006,19,0.632381000000001,0.118613635814596,"0"
"2","simultaneous",2,2,0.92259126350962,0.176755200348876,"2024-12-03 14:33:55.520065",14.626394,0,"0",0.00181399999999954,20,0.610973999999999,0.118613635814596,"0"
"2","simultaneous",2,2,0.92259126350962,0.176755200348876,"2024-12-03 14:33:55.520065",15.227573,0,"0",0.0065299999999997,21,0.601179,0.118613635814596,"0"
"2","simultaneous",2,1,0.909111481077053,0.589604969419393,"2024-12-03 14:33:39.260851",15.90204,0,"0",0.0500670000000003,22,0.674467,0.118613635814596,"0"
"2","simultaneous",2,1,0.909111481077053,0.589604969419393,"2024-12-03 14:33:39.260851",16.545305,0,"0",0.0634920000000001,23,0.643265,0.118613635814596,"0"
"2","simultaneous",2,2,0.92259126350962,0.176755200348876,"2024-12-03 14:33:55.520065",17.139591,0,"0",0.018141,24,0.594286,0.118613635814596,"0"
"2","1-23",3,2,0.979880338848031,0.187863265884405,"2024-12-03 14:23:46.352173",3.354921,1,"1",0.0961460000000001,1,0.662857,0.0311605908297911,"1"
"2","1-23",3,1,0.929331154725904,0.506294477902921,"2024-12-03 14:23:29.609679",3.998912,1,"0",0.643991,2,0.643991,0.0311605908297911,"1"
"2","1-23",3,2,0.979880338848031,0.187863265884405,"2024-12-03 14:23:46.352173",4.641451,1,"1",0.037369,2,0.642539,0.0311605908297911,"1"
"2","1-23",3,1,0.929331154725904,0.506294477902921,"2024-12-03 14:23:29.609679",5.232834,1,"0",0.591383,3,0.591383,0.0311605908297911,"1"
"2","1-23",3,2,0.979880338848031,0.187863265884405,"2024-12-03 14:23:46.352173",5.847438,1,"1",0.0442640000000001,3,0.614604,0.0311605908297911,"1"
"2","1-23",3,1,0.929331154725904,0.506294477902921,"2024-12-03 14:23:29.609679",6.459138,1,"0",0.6117,4,0.6117,0.0311605908297911,"1"
"2","1-23",3,2,0.979880338848031,0.187863265884405,"2024-12-03 14:23:46.352173",7.075193,1,"1",0.0344669999999994,4,0.616054999999999,0.0311605908297911,"1"
"2","1-23",3,1,0.929331154725904,0.506294477902921,"2024-12-03 14:23:29.609679",7.702132,1,"0",0.626939,5,0.626939,0.0311605908297911,"1"
"2","1-23",3,2,0.979880338848031,0.187863265884405,"2024-12-03 14:23:46.352173",8.263039,1,"1",0.0351929999999996,5,0.560906999999999,0.0311605908297911,"1"
"2","1-23",3,1,0.929331154725904,0.506294477902921,"2024-12-03 14:23:29.609679",8.889614,1,"0",0.626575000000001,6,0.626575000000001,0.0311605908297911,"1"
"2","1-23",3,2,0.979880338848031,0.187863265884405,"2024-12-03 14:23:46.352173",9.495873,1,"1",0.0645799999999994,6,0.606259,0.0311605908297911,"1"
"2","1-23",3,1,0.929331154725904,0.506294477902921,"2024-12-03 14:23:29.609679",10.136599,1,"0",0.640726000000001,7,0.640726000000001,0.0311605908297911,"1"
"2","1-23",3,2,0.979880338848031,0.187863265884405,"2024-12-03 14:23:46.352173",10.72,1,"1",0.0185040000000001,7,0.583401,0.0311605908297911,"1"
"2","1-23",3,1,0.929331154725904,0.506294477902921,"2024-12-03 14:23:29.609679",11.369433,1,"0",0.649433,8,0.649433,0.0311605908297911,"1"
"2","1-23",3,2,0.979880338848031,0.187863265884405,"2024-12-03 14:23:46.352173",11.963356,1,"1",0.0714739999999985,8,0.593922999999998,0.0311605908297911,"1"
"2","1-23",3,1,0.929331154725904,0.506294477902921,"2024-12-03 14:23:29.609679",12.580136,1,"0",0.61678,9,0.61678,0.0311605908297911,"1"
"2","1-23",3,2,0.979880338848031,0.187863265884405,"2024-12-03 14:23:46.352173",13.175147,1,"1",0.0613150000000005,9,0.595011000000001,0.0311605908297911,"1"
"2","1-23",3,1,0.929331154725904,0.506294477902921,"2024-12-03 14:23:29.609679",13.732063,1,"0",0.556915999999999,10,0.556915999999999,0.0311605908297911,"1"
"2","1-23",3,2,0.979880338848031,0.187863265884405,"2024-12-03 14:23:46.352173",14.334332,1,"1",0.0660329999999991,10,0.602269,0.0311605908297911,"1"
"2","1-23",3,1,0.929331154725904,0.506294477902921,"2024-12-03 14:23:29.609679",14.96635,1,"0",0.632018,11,0.632018,0.0311605908297911,"1"
"2","1-23",3,2,0.979880338848031,0.187863265884405,"2024-12-03 14:23:46.352173",15.560272,1,"1",0.134965999999999,11,0.593921999999999,0.0311605908297911,"1"
"2","1-23",3,1,0.929331154725904,0.506294477902921,"2024-12-03 14:23:29.609679",16.132063,1,"0",0.571790999999999,12,0.571790999999999,0.0311605908297911,"1"
"2","1-23",3,2,0.979880338848031,0.187863265884405,"2024-12-03 14:23:46.352173",16.677008,1,"1",0.0729260000000025,12,0.544945000000002,0.0311605908297911,"1"
"2","123",3,2,0.929331154725904,0.395213822547625,"2024-12-03 14:18:13.05604",3.360726,0,"0",0.676644,1,0.676644,0.0510547170805007,"0"
"2","123",3,3,0.757463928710673,0.260065691865348,"2024-12-03 14:18:19.98678",3.917642,0,"0",0.556916,1,0.556916,0.0510547170805007,"0"
"2","123",3,1,0.816437976853154,0.245254937817975,"2024-12-03 14:18:00.543196",4.511565,0,"0",0.593923,2,0.593923,0.0510547170805007,"0"
"2","123",3,2,0.929331154725904,0.395213822547625,"2024-12-03 14:18:13.05604",5.102585,0,"0",0.59102,2,0.59102,0.0510547170805007,"0"
"2","123",3,3,0.757463928710673,0.260065691865348,"2024-12-03 14:18:19.98678",5.670748,0,"0",0.568162999999999,2,0.568162999999999,0.0510547170805007,"0"
"2","123",3,1,0.816437976853154,0.245254937817975,"2024-12-03 14:18:00.543196",6.291519,0,"0",0.620771,3,0.620771,0.0510547170805007,"0"
"2","123",3,2,0.929331154725904,0.395213822547625,"2024-12-03 14:18:13.05604",6.846622,0,"0",0.555103,3,0.555103,0.0510547170805007,"0"
"2","123",3,3,0.757463928710673,0.260065691865348,"2024-12-03 14:18:19.98678",7.408979,0,"0",0.562357,3,0.562357,0.0510547170805007,"0"
"2","123",3,1,0.816437976853154,0.245254937817975,"2024-12-03 14:18:00.543196",7.896962,0,"0",0.487983,4,0.487983,0.0510547170805007,"0"
"2","123",3,2,0.929331154725904,0.395213822547625,"2024-12-03 14:18:13.05604",8.490521,0,"0",0.593558999999999,4,0.593558999999999,0.0510547170805007,"0"
"2","123",3,3,0.757463928710673,0.260065691865348,"2024-12-03 14:18:19.98678",9.019501,0,"0",0.528980000000001,4,0.528980000000001,0.0510547170805007,"0"
"2","123",3,1,0.816437976853154,0.245254937817975,"2024-12-03 14:18:00.543196",9.593832,0,"0",0.574331000000001,5,0.574331000000001,0.0510547170805007,"0"
"2","123",3,2,0.929331154725904,0.395213822547625,"2024-12-03 14:18:13.05604",10.128254,0,"0",0.534421999999999,5,0.534421999999999,0.0510547170805007,"0"
"2","123",3,3,0.757463928710673,0.260065691865348,"2024-12-03 14:18:19.98678",10.732698,0,"0",0.604443999999999,5,0.604443999999999,0.0510547170805007,"0"
"2","123",3,1,0.816437976853154,0.245254937817975,"2024-12-03 14:18:00.543196",11.305941,0,"0",0.573243000000002,6,0.573243000000002,0.0510547170805007,"0"
"2","123",3,2,0.929331154725904,0.395213822547625,"2024-12-03 14:18:13.05604",11.818232,0,"0",0.512290999999999,6,0.512290999999999,0.0510547170805007,"0"
"2","123",3,3,0.757463928710673,0.260065691865348,"2024-12-03 14:18:19.98678",12.30186,0,"0",0.483628,6,0.483628,0.0510547170805007,"0"
"2","123",3,1,0.816437976853154,0.245254937817975,"2024-12-03 14:18:00.543196",12.900862,0,"0",0.599002,7,0.599002,0.0510547170805007,"0"
"2","123",3,2,0.929331154725904,0.395213822547625,"2024-12-03 14:18:13.05604",13.428753,0,"0",0.527891,7,0.527891,0.0510547170805007,"0"
"2","123",3,3,0.757463928710673,0.260065691865348,"2024-12-03 14:18:19.98678",13.894603,0,"0",0.46585,7,0.46585,0.0510547170805007,"0"
"2","123",3,1,0.816437976853154,0.245254937817975,"2024-12-03 14:18:00.543196",14.493968,0,"0",0.599365000000001,8,0.599365000000001,0.0510547170805007,"0"
"2","123",3,2,0.929331154725904,0.395213822547625,"2024-12-03 14:18:13.05604",14.992109,0,"0",0.498140999999999,8,0.498140999999999,0.0510547170805007,"0"
"2","123",3,3,0.757463928710673,0.260065691865348,"2024-12-03 14:18:19.98678",15.498957,0,"0",0.506848000000002,8,0.506848000000002,0.0510547170805007,"0"
"1","23-1",3,1,0.804643167224658,0.602564379210844,"2024-12-01 17:57:26.570805",3.619773,1,"0",0.842449,1,0.842449,0.0927054352833059,"1"
"1","23-1",3,2,0.90237158986077,0.72475310010167,"2024-12-01 17:57:50.872647",4.143673,1,"1",0.5239,2,0.676281,0.0927054352833059,"1"
"1","23-1",3,1,0.804643167224658,0.602564379210844,"2024-12-01 17:57:26.570805",4.885623,1,"0",0.589569,2,0.589569,0.0927054352833059,"1"
"1","23-1",3,3,0.543472382593669,0.87471198483132,"2024-12-01 17:58:19.353731",5.527075,1,"1",0.641452,3,0.649796,0.0927054352833059,"1"
"1","23-1",3,1,0.804643167224658,0.602564379210844,"2024-12-01 17:57:26.570805",6.199728,1,"0",0.664309,3,0.664309,0.0927054352833059,"1"
"1","23-1",3,3,0.543472382593669,0.87471198483132,"2024-12-01 17:58:19.353731",6.739592,1,"1",0.539864,4,0.656326,0.0927054352833059,"1"
"1","23-1",3,1,0.804643167224658,0.602564379210844,"2024-12-01 17:57:26.570805",7.456145,1,"0",0.600091,4,0.600091,0.0927054352833059,"1"
"1","23-1",3,3,0.543472382593669,0.87471198483132,"2024-12-01 17:58:19.353731",8.086712,1,"1",0.630567,5,0.669388000000001,0.0927054352833059,"1"
"1","23-1",3,1,0.804643167224658,0.602564379210844,"2024-12-01 17:57:26.570805",8.713288,1,"0",0.587755,5,0.587755,0.0927054352833059,"1"
"1","23-1",3,3,0.543472382593669,0.87471198483132,"2024-12-01 17:58:19.353731",9.249161,1,"1",0.535873,6,0.620771,0.0927054352833059,"1"
"1","23-1",3,1,0.804643167224658,0.602564379210844,"2024-12-01 17:57:26.570805",9.970068,1,"0",0.636009,6,0.636009,0.0927054352833059,"1"
"1","23-1",3,2,0.90237158986077,0.72475310010167,"2024-12-01 17:57:50.872647",10.663038,1,"1",0.692970000000001,7,0.721633000000001,0.0927054352833059,"1"
"1","23-1",3,1,0.804643167224658,0.602564379210844,"2024-12-01 17:57:26.570805",11.264217,1,"0",0.572516,7,0.572516,0.0927054352833059,"1"
"1","23-1",3,3,0.543472382593669,0.87471198483132,"2024-12-01 17:58:19.353731",11.847981,1,"1",0.583764,8,0.589568999999999,0.0927054352833059,"1"
"1","23-1",3,1,0.804643167224658,0.602564379210844,"2024-12-01 17:57:26.570805",12.47746,1,"0",0.623674000000001,8,0.623674000000001,0.0927054352833059,"1"
"1","23-1",3,3,0.543472382593669,0.87471198483132,"2024-12-01 17:58:19.353731",13.024943,1,"1",0.547483,9,0.613515,0.0927054352833059,"1"
"1","23-1",3,1,0.804643167224658,0.602564379210844,"2024-12-01 17:57:26.570805",13.65297,1,"0",0.561995,9,0.561995,0.0927054352833059,"1"
"1","23-1",3,2,0.90237158986077,0.72475310010167,"2024-12-01 17:57:50.872647",14.249796,1,"1",0.596826,10,0.708572,0.0927054352833059,"1"
"1","23-1",3,1,0.804643167224658,0.602564379210844,"2024-12-01 17:57:26.570805",14.980136,1,"0",0.618594,10,0.618594,0.0927054352833059,"1"
"1","23-1",3,3,0.543472382593669,0.87471198483132,"2024-12-01 17:58:19.353731",15.54068,1,"1",0.560544,11,0.564897999999999,0.0927054352833059,"1"
"1","23-1",3,1,0.804643167224658,0.602564379210844,"2024-12-01 17:57:26.570805",16.109207,1,"0",0.564173000000002,11,0.564173000000002,0.0927054352833059,"1"
"1","23-1",3,2,0.90237158986077,0.72475310010167,"2024-12-01 17:57:50.872647",16.875828,1,"1",0.766620999999997,12,0.928435,0.0927054352833059,"1"
"1","23-1",3,1,0.804643167224658,0.602564379210844,"2024-12-01 17:57:26.570805",17.546305,1,"0",0.508662999999999,12,0.508662999999999,0.0927054352833059,"1"
"2","23-1",3,1,0.33790570049702,0.67846949370363,"2024-12-03 14:46:45.354393",3.297596,1,"0",0.653424,1,0.653424,0.0385717805512436,"1"
"2","23-1",3,2,0.802958194420587,0.300795265495623,"2024-12-03 14:46:57.223915",3.889705,1,"1",0.592109,2,0.605533,0.0385717805512436,"1"
"2","23-1",3,1,0.33790570049702,0.67846949370363,"2024-12-03 14:46:45.354393",4.460408,1,"0",0.557279,2,0.557279,0.0385717805512436,"1"
"2","23-1",3,3,0.646255723641994,0.537767330253588,"2024-12-03 14:47:04.040208",5.036191,1,"1",0.575782999999999,3,0.64907,0.0385717805512436,"1"
"2","23-1",3,1,0.33790570049702,0.67846949370363,"2024-12-03 14:46:45.354393",5.712109,1,"0",0.602631,3,0.602631,0.0385717805512436,"1"
"2","23-1",3,2,0.802958194420587,0.300795265495623,"2024-12-03 14:46:57.223915",6.281723,1,"1",0.569614000000001,4,0.609886,0.0385717805512436,"1"
"2","23-1",3,1,0.33790570049702,0.67846949370363,"2024-12-03 14:46:45.354393",6.857506,1,"0",0.535511,4,0.535511,0.0385717805512436,"1"
"2","23-1",3,3,0.646255723641994,0.537767330253588,"2024-12-03 14:47:04.040208",7.39229,1,"1",0.534784,5,0.625124,0.0385717805512436,"1"
"2","23-1",3,1,0.33790570049702,0.67846949370363,"2024-12-03 14:46:45.354393",8.026848,1,"0",0.544217999999999,5,0.544217999999999,0.0385717805512436,"1"
"2","23-1",3,3,0.646255723641994,0.537767330253588,"2024-12-03 14:47:04.040208",8.600817,1,"1",0.573969,6,0.646168000000001,0.0385717805512436,"1"
"2","23-1",3,1,0.33790570049702,0.67846949370363,"2024-12-03 14:46:45.354393",9.22703,1,"0",0.554013999999999,6,0.554013999999999,0.0385717805512436,"1"
"2","23-1",3,3,0.646255723641994,0.537767330253588,"2024-12-03 14:47:04.040208",9.771973,1,"1",0.544943,7,0.604444000000001,0.0385717805512436,"1"
"2","23-1",3,1,0.33790570049702,0.67846949370363,"2024-12-03 14:46:45.354393",10.397823,1,"0",0.566349000000001,7,0.566349000000001,0.0385717805512436,"1"
"2","23-1",3,2,0.802958194420587,0.300795265495623,"2024-12-03 14:46:57.223915",10.916281,1,"1",0.518457999999999,8,0.534058999999999,0.0385717805512436,"1"
"2","23-1",3,1,0.33790570049702,0.67846949370363,"2024-12-03 14:46:45.354393",11.52508,1,"0",0.593198000000001,8,0.593198000000001,0.0385717805512436,"1"
"2","23-1",3,3,0.646255723641994,0.537767330253588,"2024-12-03 14:47:04.040208",12.002177,1,"1",0.477096999999999,9,0.554739,0.0385717805512436,"1"
"2","23-1",3,1,0.33790570049702,0.67846949370363,"2024-12-03 14:46:45.354393",12.684626,1,"0",0.604806999999999,9,0.604806999999999,0.0385717805512436,"1"
"2","23-1",3,3,0.646255723641994,0.537767330253588,"2024-12-03 14:47:04.040208",13.216146,1,"1",0.53152,10,0.547845000000001,0.0385717805512436,"1"
"2","23-1",3,1,0.33790570049702,0.67846949370363,"2024-12-03 14:46:45.354393",13.83619,1,"0",0.603719,10,0.603719,0.0385717805512436,"1"
"2","23-1",3,3,0.646255723641994,0.537767330253588,"2024-12-03 14:47:04.040208",14.348844,1,"1",0.512653999999999,11,0.546395,0.0385717805512436,"1"
"2","23-1",3,1,0.33790570049702,0.67846949370363,"2024-12-03 14:46:45.354393",14.915193,1,"0",0.532608,11,0.532608,0.0385717805512436,"1"
"2","23-1",3,3,0.646255723641994,0.537767330253588,"2024-12-03 14:47:04.040208",15.435827,1,"1",0.520633999999999,12,0.558367000000001,0.0385717805512436,"1"
"2","23-1",3,1,0.33790570049702,0.67846949370363,"2024-12-03 14:46:45.354393",16.06712,1,"0",0.593559999999998,12,0.593559999999998,0.0385717805512436,"1"
"2","231",3,3,0.37497510218658,0.485929691087783,"2024-12-03 14:29:47.094834",3.315011,0,"0",0.540589,1,0.540589,0.138274762603132,"0"
"2","231",3,1,0.718709554217042,0.11195815139162,"2024-12-03 14:29:23.361547",3.855964,0,"0",0.540953,1,0.540953,0.138274762603132,"0"
"2","231",3,2,1.00346995810502,0.0730799220172659,"2024-12-03 14:29:37.9251",4.434649,0,"0",0.578685,2,0.578685,0.138274762603132,"0"
"2","231",3,3,0.37497510218658,0.485929691087783,"2024-12-03 14:29:47.094834",4.936054,0,"0",0.501405,2,0.501405,0.138274762603132,"0"
"2","231",3,1,0.718709554217042,0.11195815139162,"2024-12-03 14:29:23.361547",5.546304,0,"0",0.61025,2,0.61025,0.138274762603132,"0"
"2","231",3,2,1.00346995810502,0.0730799220172659,"2024-12-03 14:29:37.9251",6.173243,0,"0",0.626939,3,0.626939,0.138274762603132,"0"
"2","231",3,3,0.37497510218658,0.485929691087783,"2024-12-03 14:29:47.094834",6.600635,0,"0",0.427391999999999,3,0.427391999999999,0.138274762603132,"0"
"2","231",3,1,0.718709554217042,0.11195815139162,"2024-12-03 14:29:23.361547",7.153923,0,"0",0.553288,3,0.553288,0.138274762603132,"0"
"2","231",3,2,1.00346995810502,0.0730799220172659,"2024-12-03 14:29:37.9251",7.729705,0,"0",0.575782,4,0.575782,0.138274762603132,"0"
"2","231",3,3,0.37497510218658,0.485929691087783,"2024-12-03 14:29:47.094834",8.198458,0,"0",0.468753,4,0.468753,0.138274762603132,"0"
"2","231",3,1,0.718709554217042,0.11195815139162,"2024-12-03 14:29:23.361547",8.768435,0,"0",0.569977,4,0.569977,0.138274762603132,"0"
"2","231",3,2,1.00346995810502,0.0730799220172659,"2024-12-03 14:29:37.9251",9.365261,0,"0",0.596826,5,0.596826,0.138274762603132,"0"
"2","231",3,3,0.37497510218658,0.485929691087783,"2024-12-03 14:29:47.094834",9.853969,0,"0",0.488707999999999,5,0.488707999999999,0.138274762603132,"0"
"2","231",3,1,0.718709554217042,0.11195815139162,"2024-12-03 14:29:23.361547",10.398549,0,"0",0.54458,5,0.54458,0.138274762603132,"0"
"2","231",3,2,1.00346995810502,0.0730799220172659,"2024-12-03 14:29:37.9251",10.965261,0,"0",0.566712000000001,6,0.566712000000001,0.138274762603132,"0"
"2","231",3,3,0.37497510218658,0.485929691087783,"2024-12-03 14:29:47.094834",11.455057,0,"0",0.489796,6,0.489796,0.138274762603132,"0"
"2","231",3,1,0.718709554217042,0.11195815139162,"2024-12-03 14:29:23.361547",12.070748,0,"0",0.615691,6,0.615691,0.138274762603132,"0"
"2","231",3,2,1.00346995810502,0.0730799220172659,"2024-12-03 14:29:37.9251",12.629841,0,"0",0.559093000000001,7,0.559093000000001,0.138274762603132,"0"
"2","231",3,3,0.37497510218658,0.485929691087783,"2024-12-03 14:29:47.094834",13.084444,0,"0",0.454602999999999,7,0.454602999999999,0.138274762603132,"0"
"2","231",3,1,0.718709554217042,0.11195815139162,"2024-12-03 14:29:23.361547",13.281089,0,"0",0.196645,7,0.196645,0.138274762603132,"0"
"2","231",3,2,1.00346995810502,0.0730799220172659,"2024-12-03 14:29:37.9251",14.313288,0,"0",1.032199,8,1.032199,0.138274762603132,"0"
"2","231",3,3,0.37497510218658,0.485929691087783,"2024-12-03 14:29:47.094834",14.893062,0,"0",0.579774,8,0.579774,0.138274762603132,"0"
"2","231",3,1,0.718709554217042,0.11195815139162,"2024-12-03 14:29:23.361547",15.384309,0,"0",0.491247,8,0.491247,0.138274762603132,"0"
"2","312",3,1,0.595706539519867,0.173052511837032,"2024-12-03 14:40:34.74888",3.245352,0,"0",0.637098,1,0.637098,0.0273457462615449,"0"
"2","312",3,2,1.00683990371317,0.402619199571311,"2024-12-03 14:40:49.416097",3.857778,0,"0",0.612426,1,0.612426,0.0273457462615449,"0"
"2","312",3,3,0.295781380395248,0.47111893704041,"2024-12-03 14:40:56.485155",4.481814,0,"0",0.624036,2,0.624036,0.0273457462615449,"0"
"2","312",3,1,0.595706539519867,0.173052511837032,"2024-12-03 14:40:34.74888",5.076826,0,"0",0.595012,2,0.595012,0.0273457462615449,"0"
"2","312",3,2,1.00683990371317,0.402619199571311,"2024-12-03 14:40:49.416097",5.700499,0,"0",0.623673,2,0.623673,0.0273457462615449,"0"
"2","312",3,3,0.295781380395248,0.47111893704041,"2024-12-03 14:40:56.485155",6.326349,0,"0",0.625850000000001,3,0.625850000000001,0.0273457462615449,"0"
"2","312",3,1,0.595706539519867,0.173052511837032,"2024-12-03 14:40:34.74888",6.955102,0,"0",0.628753,3,0.628753,0.0273457462615449,"0"
"2","312",3,2,1.00683990371317,0.402619199571311,"2024-12-03 14:40:49.416097",7.496417,0,"0",0.541315,3,0.541315,0.0273457462615449,"0"
"2","312",3,3,0.295781380395248,0.47111893704041,"2024-12-03 14:40:56.485155",8.047892,0,"0",0.551474999999999,4,0.551474999999999,0.0273457462615449,"0"
"2","312",3,1,0.595706539519867,0.173052511837032,"2024-12-03 14:40:34.74888",8.669024,0,"0",0.621132000000001,4,0.621132000000001,0.0273457462615449,"0"
"2","312",3,2,1.00683990371317,0.402619199571311,"2024-12-03 14:40:49.416097",9.276009,0,"0",0.606985,4,0.606985,0.0273457462615449,"0"
"2","312",3,3,0.295781380395248,0.47111893704041,"2024-12-03 14:40:56.485155",9.873198,0,"0",0.597189,5,0.597189,0.0273457462615449,"0"
"2","312",3,1,0.595706539519867,0.173052511837032,"2024-12-03 14:40:34.74888",10.446077,0,"0",0.572879,5,0.572879,0.0273457462615449,"0"
"2","312",3,2,1.00683990371317,0.402619199571311,"2024-12-03 14:40:49.416097",11.057053,0,"0",0.610975999999999,5,0.610975999999999,0.0273457462615449,"0"
"2","312",3,3,0.295781380395248,0.47111893704041,"2024-12-03 14:40:56.485155",11.67093,0,"0",0.613877,6,0.613877,0.0273457462615449,"0"
"2","312",3,1,0.595706539519867,0.173052511837032,"2024-12-03 14:40:34.74888",12.225307,0,"0",0.554377000000001,6,0.554377000000001,0.0273457462615449,"0"
"2","312",3,2,1.00683990371317,0.402619199571311,"2024-12-03 14:40:49.416097",12.830839,0,"0",0.605531999999998,6,0.605531999999998,0.0273457462615449,"0"
"2","312",3,3,0.295781380395248,0.47111893704041,"2024-12-03 14:40:56.485155",13.466123,0,"0",0.635284,7,0.635284,0.0273457462615449,"0"
"2","312",3,1,0.595706539519867,0.173052511837032,"2024-12-03 14:40:34.74888",14.040091,0,"0",0.573968000000001,7,0.573968000000001,0.0273457462615449,"0"
"2","312",3,2,1.00683990371317,0.402619199571311,"2024-12-03 14:40:49.416097",14.653605,0,"0",0.613514,7,0.613514,0.0273457462615449,"0"
"2","312",3,3,0.295781380395248,0.47111893704041,"2024-12-03 14:40:56.485155",15.234468,0,"0",0.580862999999999,8,0.580862999999999,0.0273457462615449,"0"
"2","312",3,1,0.595706539519867,0.173052511837032,"2024-12-03 14:40:34.74888",15.822585,0,"0",0.588117,8,0.588117,0.0273457462615449,"0"
"2","312",3,2,1.00683990371317,0.402619199571311,"2024-12-03 14:40:49.416097",16.40889,0,"0",0.586304999999999,8,0.586304999999999,0.0273457462615449,"0"
"2","simultaneous",3,3,0.725449445433326,0.521105231950294,"2024-12-03 14:35:24.887451",2.66195,0,"0",0.0195919999999998,1,0.022494,0.125883244511308,"0"
"2","simultaneous",3,1,0.754093983102531,0.265619724633113,"2024-12-03 14:35:06.353169",3.303764,0,"0",0.0105210000000002,2,0.641814,0.125883244511308,"0"
"2","simultaneous",3,1,0.754093983102531,0.265619724633113,"2024-12-03 14:35:06.353169",3.967347,0,"0",0.0761910000000001,3,0.663583,0.125883244511308,"0"
"2","simultaneous",3,1,0.754093983102531,0.265619724633113,"2024-12-03 14:35:06.353169",4.584127,0,"0",0.0243079999999996,4,0.616779999999999,0.125883244511308,"0"
"2","simultaneous",3,1,0.754093983102531,0.265619724633113,"2024-12-03 14:35:06.353169",5.213605,0,"0",0.0515189999999999,5,0.629478000000001,0.125883244511308,"0"
"2","simultaneous",3,1,0.754093983102531,0.265619724633113,"2024-12-03 14:35:06.353169",5.847075,0,"0",0.0529710000000003,6,0.63347,0.125883244511308,"0"
"2","simultaneous",3,1,0.754093983102531,0.265619724633113,"2024-12-03 14:35:06.353169",6.483809,0,"0",0.070748,7,0.636734,0.125883244511308,"0"
"2","simultaneous",3,1,0.754093983102531,0.265619724633113,"2024-12-03 14:35:06.353169",7.135056,0,"0",0.0758269999999994,8,0.651247,0.125883244511308,"0"
"2","simultaneous",3,1,0.754093983102531,0.265619724633113,"2024-12-03 14:35:06.353169",7.740952,0,"0",0.0264850000000001,9,0.605896,0.125883244511308,"0"
"2","simultaneous",3,1,0.754093983102531,0.265619724633113,"2024-12-03 14:35:06.353169",8.382403,0,"0",0.0232200000000002,10,0.641451,0.125883244511308,"0"
"2","simultaneous",3,1,0.754093983102531,0.265619724633113,"2024-12-03 14:35:06.353169",9.019864,0,"0",0.0471660000000007,11,0.637461,0.125883244511308,"0"
"2","simultaneous",3,1,0.754093983102531,0.265619724633113,"2024-12-03 14:35:06.353169",9.641724,0,"0",0.0152389999999993,12,0.62186,0.125883244511308,"0"
"2","simultaneous",3,2,0.895631698644486,0.497037756623313,"2024-12-03 14:35:17.933168",10.264308,0,"0",0.0043539999999993,13,0.622584,0.125883244511308,"0"
"2","simultaneous",3,1,0.754093983102531,0.265619724633113,"2024-12-03 14:35:06.353169",10.886168,0,"0",0.00362799999999908,14,0.62186,0.125883244511308,"0"
"2","simultaneous",3,2,0.895631698644486,0.497037756623313,"2024-12-03 14:35:17.933168",11.534513,0,"0",0.0460770000000004,15,0.648345000000001,0.125883244511308,"0"
"2","simultaneous",3,2,0.895631698644486,0.497037756623313,"2024-12-03 14:35:17.933168",12.118639,0,"0",0.0105210000000007,16,0.584125999999999,0.125883244511308,"0"
"2","simultaneous",3,1,0.754093983102531,0.265619724633113,"2024-12-03 14:35:06.353169",12.754648,0,"0",0.00362799999999908,17,0.636009,0.125883244511308,"0"
"2","simultaneous",3,2,0.895631698644486,0.497037756623313,"2024-12-03 14:35:17.933168",13.355827,0,"0",0.029024999999999,18,0.601179,0.125883244511308,"0"
"2","simultaneous",3,2,0.895631698644486,0.497037756623313,"2024-12-03 14:35:17.933168",13.948662,0,"0",0.00362800000000085,19,0.592835000000001,0.125883244511308,"0"
"2","simultaneous",3,1,0.754093983102531,0.265619724633113,"2024-12-03 14:35:06.353169",14.636916,0,"0",0.100135999999999,20,0.688253999999999,0.125883244511308,"0"
"2","simultaneous",3,3,0.725449445433326,0.521105231950294,"2024-12-03 14:35:24.887451",15.195284,0,"0",0.00979599999999969,21,0.558368,0.125883244511308,"0"
"2","simultaneous",3,1,0.754093983102531,0.265619724633113,"2024-12-03 14:35:06.353169",15.818594,0,"0",0.00616699999999959,22,0.62331,0.125883244511308,"0"
"2","simultaneous",3,1,0.754093983102531,0.265619724633113,"2024-12-03 14:35:06.353169",16.425579,0,"0",0.0126989999999978,23,0.606985,0.125883244511308,"0"
"2","simultaneous",3,2,0.895631698644486,0.497037756623313,"2024-12-03 14:35:17.933168",17.041269,0,"0",0.00761800000000079,24,0.615690000000001,0.125883244511308,"0"
